Num_Acc,senc,catv,occutc,obs,obsm,choc,manv,num_veh
201400056228,0,7,0,0.0,2.0,2.0,16.0,B01
201400036503,0,7,0,0.0,0.0,1.0,1.0,C01
201400024634,0,1,0,0.0,2.0,8.0,1.0,B01
201400032381,0,7,0,0.0,2.0,6.0,2.0,B01
201400024184,0,7,0,0.0,0.0,4.0,1.0,C01
201400039534,1,30,0,0.0,2.0,1.0,15.0,Z01
201400016870,0,1,0,0.0,2.0,1.0,1.0,A01
201400012127,0,30,0,1.0,2.0,2.0,17.0,A01
201400004616,0,7,0,14.0,0.0,3.0,1.0,B02
201400020991,0,7,0,0.0,2.0,1.0,9.0,B01
201400048863,0,7,0,0.0,2.0,1.0,2.0,A01
201400021318,0,33,0,0.0,2.0,1.0,1.0,B02
201400000853,0,7,0,0.0,2.0,1.0,13.0,A01
201400043480,0,7,0,0.0,0.0,1.0,1.0,B01
201400045775,0,7,0,0.0,1.0,3.0,13.0,A01
201400028318,0,7,0,0.0,9.0,2.0,9.0,A01
201400031984,0,7,0,8.0,2.0,1.0,1.0,A01
201400024271,0,30,0,0.0,2.0,0.0,1.0,B01
201400028448,0,7,0,0.0,2.0,4.0,1.0,B01
201400000414,0,2,0,0.0,2.0,1.0,17.0,A01
201400034161,0,37,20,0.0,1.0,7.0,1.0,A01
201400025239,0,32,0,0.0,2.0,1.0,0.0,A01
201400048892,0,7,0,3.0,0.0,1.0,1.0,A01
201400034002,0,7,0,0.0,2.0,5.0,24.0,D01
201400048099,0,15,0,0.0,0.0,4.0,1.0,B01
201400004265,0,7,0,0.0,2.0,1.0,13.0,A01
201400014804,0,7,0,0.0,2.0,3.0,1.0,A01
201400019910,0,30,0,0.0,2.0,2.0,1.0,A01
201400038510,0,7,0,0.0,2.0,4.0,2.0,B01
201400005031,0,7,0,0.0,1.0,5.0,2.0,A01
201400016139,0,7,0,0.0,2.0,1.0,2.0,A01
201400013996,0,7,0,0.0,2.0,4.0,0.0,A01
201400011441,0,33,0,0.0,2.0,7.0,16.0,A01
201400016849,0,2,0,1.0,0.0,1.0,14.0,A01
201400035260,0,30,0,0.0,2.0,8.0,1.0,B01
201400035122,0,1,0,0.0,0.0,0.0,0.0,A01
201400000877,0,33,0,1.0,0.0,1.0,21.0,A01
201400039648,1,2,0,0.0,1.0,0.0,0.0,A01
201400006505,0,7,0,0.0,2.0,1.0,1.0,B02
201400053284,0,34,0,0.0,2.0,7.0,15.0,A01
201400044814,0,10,0,0.0,2.0,2.0,2.0,A01
201400024213,0,7,0,0.0,2.0,7.0,1.0,B01
201400042503,0,7,0,0.0,2.0,4.0,4.0,A01
201400055984,0,1,0,0.0,2.0,7.0,19.0,B01
201400022107,0,7,0,6.0,0.0,1.0,1.0,A01
201400036422,0,7,0,1.0,0.0,1.0,1.0,A01
201400018955,0,33,0,0.0,2.0,1.0,1.0,B02
201400049786,0,7,0,0.0,1.0,1.0,9.0,A01
201400055423,0,33,0,0.0,2.0,8.0,1.0,B01
201400010845,0,40,10,0.0,2.0,1.0,2.0,B01
201400053887,0,7,0,0.0,2.0,1.0,1.0,B01
201400011699,0,2,0,0.0,2.0,1.0,15.0,B02
201400039713,0,7,0,0.0,0.0,0.0,0.0,A01
201400007155,2,7,0,0.0,9.0,4.0,2.0,B02
201400005082,0,7,0,0.0,2.0,4.0,24.0,B02
201400051889,0,31,0,0.0,2.0,8.0,1.0,B01
201400048432,0,7,0,0.0,2.0,1.0,2.0,F02
201400051921,0,7,0,0.0,2.0,1.0,2.0,A01
201400019463,0,31,0,0.0,6.0,2.0,21.0,A01
201400036141,0,7,0,0.0,1.0,7.0,1.0,A01
201400009063,0,7,0,13.0,0.0,9.0,13.0,A01
201400049047,0,7,0,0.0,2.0,1.0,2.0,B01
201400035076,0,7,0,0.0,2.0,4.0,0.0,D01
201400013055,0,7,0,0.0,1.0,1.0,0.0,A01
201400045148,0,33,0,0.0,2.0,1.0,1.0,B01
201400027624,0,7,0,0.0,0.0,0.0,0.0,C01
201400053375,0,1,0,0.0,2.0,1.0,1.0,A01
201400023075,0,33,0,0.0,2.0,1.0,1.0,B01
201400015132,0,37,1,0.0,2.0,2.0,1.0,B01
201400024269,0,33,0,0.0,2.0,1.0,1.0,B01
201400057009,0,33,0,0.0,2.0,3.0,1.0,B01
201400048092,0,33,0,0.0,0.0,7.0,2.0,A01
201400014000,0,7,0,0.0,2.0,7.0,15.0,A01
201400033139,0,33,0,0.0,0.0,6.0,2.0,C01
201400030052,0,7,0,0.0,2.0,8.0,10.0,A01
201400035673,0,7,0,0.0,2.0,4.0,2.0,B01
201400022085,0,7,0,0.0,0.0,4.0,0.0,B02
201400039559,0,30,0,0.0,2.0,1.0,15.0,A01
201400037737,0,33,0,0.0,1.0,1.0,1.0,A01
201400034211,0,33,0,0.0,2.0,8.0,1.0,B01
201400021724,0,7,0,0.0,1.0,3.0,1.0,A01
201400017816,0,99,0,0.0,0.0,8.0,0.0,B02
201400028846,0,7,0,0.0,1.0,2.0,1.0,B01
201400020437,0,15,0,0.0,9.0,7.0,1.0,A01
201400041810,1,7,0,0.0,2.0,7.0,0.0,B01
201400029001,0,7,0,0.0,2.0,1.0,2.0,A01
201400049059,0,7,0,0.0,2.0,4.0,2.0,B01
201400043731,0,2,0,0.0,2.0,1.0,13.0,A01
201400018107,0,7,0,0.0,2.0,1.0,17.0,A01
201400054298,0,7,0,0.0,1.0,2.0,9.0,A01
201400024637,0,13,0,0.0,2.0,1.0,1.0,B01
201400054027,0,30,0,0.0,0.0,0.0,1.0,A01
201400013423,0,7,0,13.0,0.0,2.0,1.0,A01
201400012692,0,7,0,0.0,2.0,2.0,15.0,A01
201400002423,0,10,0,0.0,2.0,8.0,1.0,B02
201400043218,0,7,0,0.0,2.0,1.0,6.0,A01
201400043481,0,37,0,0.0,2.0,3.0,1.0,B01
201400050221,0,7,0,0.0,2.0,3.0,15.0,A01
201400027417,0,7,0,11.0,2.0,8.0,15.0,B01
201400015183,0,7,0,0.0,2.0,8.0,13.0,A01
201400048037,0,33,0,0.0,0.0,3.0,0.0,A01
201400018378,0,7,0,0.0,2.0,1.0,1.0,B02
201400041740,0,2,0,0.0,2.0,8.0,0.0,A01
201400012123,0,7,0,3.0,0.0,2.0,1.0,A01
201400014160,0,7,0,0.0,2.0,4.0,2.0,B01
201400035262,0,7,0,0.0,1.0,3.0,1.0,A01
201400048893,0,7,0,0.0,2.0,4.0,2.0,B01
201400024262,0,2,0,0.0,2.0,1.0,1.0,A01
201400010031,0,7,0,0.0,0.0,6.0,15.0,B01
201400022751,0,7,0,0.0,2.0,1.0,15.0,A01
201400054733,0,7,0,0.0,2.0,3.0,10.0,A01
201400013254,0,7,0,0.0,2.0,8.0,0.0,B01
201400009326,0,7,0,0.0,2.0,3.0,9.0,B02
201400006290,0,33,0,0.0,2.0,1.0,2.0,A01
201400003880,0,7,0,0.0,2.0,1.0,13.0,A01
201400007298,0,31,0,0.0,0.0,1.0,1.0,B02
201400034653,0,7,0,0.0,9.0,5.0,15.0,A01
201400038192,0,7,0,0.0,1.0,1.0,20.0,A01
201400003900,0,7,0,2.0,0.0,3.0,13.0,A01
201400024001,0,10,0,0.0,2.0,1.0,1.0,B01
201400058961,0,31,0,0.0,1.0,1.0,0.0,A01
201400057615,0,30,0,0.0,1.0,1.0,1.0,A01
201400008529,0,7,0,13.0,0.0,2.0,1.0,A01
201400003420,0,7,0,0.0,1.0,0.0,21.0,A01
201400030277,0,30,0,0.0,2.0,1.0,1.0,B01
201400026838,0,7,0,0.0,0.0,1.0,1.0,B01
201400001177,0,1,0,0.0,2.0,1.0,5.0,B02
201400047781,0,7,0,0.0,2.0,1.0,2.0,B01
201400053152,0,14,0,0.0,1.0,5.0,1.0,A01
201400030230,0,7,0,0.0,1.0,1.0,15.0,A01
201400016830,0,7,0,0.0,2.0,4.0,1.0,B01
201400030474,0,7,0,0.0,0.0,0.0,1.0,B01
201400047884,0,33,0,16.0,0.0,9.0,1.0,A01
201400050213,0,7,0,0.0,1.0,3.0,15.0,A01
201400052154,0,7,0,0.0,2.0,3.0,15.0,B01
201400049252,0,30,0,0.0,2.0,1.0,17.0,B01
201400054076,1,30,0,0.0,2.0,0.0,1.0,Z01
201400024296,0,2,0,0.0,0.0,1.0,1.0,B01
201400055229,0,7,0,0.0,2.0,8.0,22.0,A01
201400050553,0,7,0,4.0,0.0,3.0,1.0,B01
201400014731,0,32,0,0.0,2.0,1.0,17.0,B01
201400013749,0,7,0,0.0,2.0,8.0,5.0,A01
201400018549,0,7,0,0.0,2.0,3.0,5.0,A01
201400017732,0,33,0,0.0,2.0,1.0,21.0,A01
201400024739,0,37,1,0.0,2.0,6.0,24.0,B01
201400053189,0,34,0,0.0,2.0,7.0,17.0,B01
201400048054,0,7,0,4.0,0.0,4.0,2.0,C01
201400054647,0,7,0,0.0,2.0,1.0,1.0,A01
201400046965,0,7,0,0.0,2.0,4.0,2.0,D01
201400008420,0,2,0,0.0,2.0,1.0,1.0,B02
201400032459,0,7,0,0.0,1.0,3.0,9.0,A01
201400011884,0,7,0,16.0,0.0,3.0,13.0,A01
201400013284,0,7,0,0.0,2.0,5.0,0.0,A01
201400018675,0,7,0,6.0,0.0,1.0,14.0,A01
201400036990,0,34,0,0.0,2.0,1.0,19.0,A01
201400033417,0,1,0,0.0,2.0,1.0,19.0,A01
201400032487,0,32,0,0.0,2.0,6.0,1.0,B01
201400048834,0,7,0,0.0,2.0,3.0,11.0,B01
201400040164,0,7,0,0.0,2.0,2.0,9.0,B01
201400005536,0,7,0,13.0,0.0,0.0,1.0,A01
201400026457,0,1,0,0.0,2.0,1.0,2.0,B01
201400034132,0,7,0,0.0,1.0,1.0,16.0,A01
201400034551,0,7,0,0.0,1.0,1.0,1.0,B01
201400019019,0,7,0,0.0,2.0,1.0,1.0,B02
201400022552,0,7,0,2.0,0.0,1.0,14.0,A01
201400056176,0,7,0,0.0,2.0,4.0,23.0,B01
201400011344,0,7,0,0.0,2.0,4.0,2.0,B01
201400038854,0,7,0,0.0,2.0,3.0,1.0,B01
201400031587,0,7,0,0.0,1.0,3.0,1.0,A01
201400001794,0,33,0,0.0,2.0,3.0,15.0,B02
201400024848,0,7,0,0.0,0.0,3.0,2.0,B01
201400047537,0,7,0,3.0,0.0,1.0,13.0,A01
201400056610,0,10,0,0.0,2.0,3.0,13.0,A01
201400038819,0,1,0,0.0,2.0,2.0,1.0,A01
201400039957,0,30,0,0.0,1.0,1.0,1.0,A01
201400032914,0,7,0,0.0,2.0,8.0,2.0,A01
201400027960,0,1,0,0.0,2.0,1.0,1.0,A01
201400044194,0,7,0,0.0,2.0,1.0,1.0,A01
201400002736,0,30,0,8.0,0.0,1.0,1.0,A01
201400051877,0,7,0,0.0,2.0,7.0,7.0,B01
201400020335,0,7,0,0.0,0.0,9.0,0.0,A01
201400010079,0,7,0,0.0,0.0,1.0,9.0,A01
201400040921,0,30,0,0.0,2.0,1.0,15.0,B01
201400006548,0,30,0,0.0,2.0,1.0,1.0,A01
201400037221,0,7,0,0.0,1.0,5.0,4.0,A01
201400017015,0,7,0,2.0,0.0,1.0,1.0,A01
201400045270,0,7,0,0.0,2.0,3.0,15.0,B01
201400051437,0,7,0,0.0,2.0,4.0,2.0,A01
201400031487,0,7,0,0.0,2.0,3.0,17.0,A01
201400044908,0,10,0,0.0,2.0,2.0,15.0,A01
201400044996,0,30,0,0.0,2.0,3.0,1.0,B01
201400035057,0,7,0,0.0,2.0,1.0,5.0,A01
201400036881,0,7,0,7.0,2.0,1.0,17.0,A01
201400040388,0,7,0,0.0,2.0,4.0,2.0,B01
201400056162,0,1,0,0.0,2.0,1.0,1.0,B01
201400058631,0,10,0,6.0,0.0,3.0,0.0,A01
201400047595,0,7,0,0.0,2.0,4.0,2.0,A01
201400033463,0,10,0,0.0,1.0,3.0,15.0,A01
201400023729,0,7,0,0.0,2.0,2.0,2.0,A01
201400045985,0,7,0,0.0,2.0,8.0,1.0,B01
201400010830,0,31,0,0.0,2.0,1.0,1.0,B01
201400019357,0,7,0,0.0,2.0,1.0,13.0,A01
201400003650,0,1,0,0.0,2.0,7.0,1.0,B02
201400042851,0,7,0,0.0,2.0,2.0,12.0,A01
201400006172,0,7,0,0.0,2.0,1.0,1.0,B02
201400048730,0,7,0,0.0,2.0,4.0,1.0,C01
201400030992,0,36,0,0.0,0.0,4.0,0.0,B01
201400027518,0,7,0,0.0,2.0,3.0,1.0,B01
201400012052,0,10,0,0.0,9.0,1.0,9.0,A01
201400013892,0,7,0,0.0,2.0,1.0,2.0,A01
201400020947,0,2,0,0.0,2.0,1.0,1.0,B01
201400012520,0,7,0,0.0,2.0,1.0,2.0,A01
201400018220,0,7,0,0.0,2.0,8.0,0.0,E05
201400013641,0,33,0,0.0,2.0,1.0,1.0,B01
201400057882,0,7,0,4.0,2.0,5.0,1.0,B01
201400031255,0,7,0,8.0,2.0,3.0,21.0,A01
201400007468,0,1,0,0.0,2.0,1.0,1.0,A01
201400000548,0,7,0,0.0,2.0,3.0,1.0,B02
201400052699,0,7,0,0.0,2.0,3.0,13.0,A01
201400057567,0,32,0,9.0,0.0,1.0,1.0,A01
201400002032,0,7,0,0.0,1.0,2.0,1.0,A01
201400013931,0,30,0,0.0,2.0,1.0,2.0,B01
201400007817,0,32,0,0.0,0.0,3.0,1.0,A01
201400024284,0,7,0,0.0,0.0,7.0,1.0,B01
201400012575,0,33,0,0.0,2.0,1.0,3.0,A01
201400026043,0,7,0,0.0,0.0,2.0,1.0,B01
201400048315,0,32,0,0.0,0.0,7.0,0.0,A01
201400029296,0,7,0,0.0,2.0,1.0,16.0,A01
201400016950,0,33,0,0.0,0.0,1.0,1.0,A01
201400025322,1,7,0,0.0,2.0,1.0,1.0,A01
201400032802,0,7,0,0.0,2.0,3.0,15.0,A01
201400025673,0,7,0,0.0,2.0,1.0,1.0,A01
201400034272,0,17,0,0.0,1.0,2.0,1.0,A01
201400000419,0,7,0,0.0,2.0,6.0,19.0,B02
201400025331,0,33,0,0.0,2.0,4.0,2.0,B01
201400007436,0,7,0,0.0,2.0,1.0,13.0,A01
201400049946,0,33,0,0.0,0.0,7.0,0.0,A01
201400019399,0,33,0,16.0,0.0,1.0,1.0,A01
201400036901,0,7,0,0.0,0.0,4.0,2.0,B01
201400006140,0,7,0,0.0,2.0,6.0,19.0,B02
201400015895,0,7,0,0.0,2.0,2.0,1.0,B01
201400047397,0,10,0,0.0,2.0,6.0,2.0,B01
201400007468,0,7,0,0.0,2.0,2.0,15.0,B02
201400037256,0,7,0,0.0,2.0,4.0,2.0,B01
201400047463,0,33,0,3.0,2.0,2.0,1.0,B01
201400011364,1,7,0,0.0,1.0,1.0,1.0,Z01
201400038540,0,7,0,0.0,1.0,2.0,1.0,A01
201400019016,0,7,0,2.0,0.0,6.0,1.0,A01
201400031624,0,7,0,0.0,1.0,1.0,1.0,A01
201400014685,0,7,0,0.0,2.0,2.0,15.0,A01
201400017417,0,31,0,0.0,2.0,1.0,1.0,B02
201400011685,0,1,0,0.0,2.0,8.0,1.0,B02
201400031647,0,14,0,0.0,0.0,2.0,1.0,B02
201400015046,0,10,0,0.0,2.0,7.0,9.0,A01
201400020542,0,2,0,0.0,2.0,1.0,2.0,A01
201400059395,0,7,0,0.0,2.0,2.0,1.0,A01
201400050493,0,7,0,0.0,2.0,7.0,20.0,C01
201400002380,0,33,0,0.0,2.0,1.0,2.0,A01
201400014106,0,7,0,0.0,2.0,3.0,2.0,B01
201400027812,0,7,0,0.0,2.0,3.0,1.0,B01
201400046575,0,7,0,0.0,2.0,1.0,12.0,A01
201400026265,0,7,0,0.0,2.0,4.0,1.0,B01
201400035316,0,7,0,0.0,2.0,6.0,0.0,B01
201400008907,0,7,0,0.0,2.0,3.0,1.0,B02
201400059363,0,30,0,0.0,2.0,1.0,2.0,A01
201400012191,0,7,0,3.0,0.0,2.0,14.0,A01
201400056380,1,7,0,0.0,1.0,2.0,16.0,Z01
201400059442,0,7,0,0.0,1.0,2.0,0.0,A01
201400005609,0,15,0,0.0,2.0,3.0,0.0,B02
201400018040,0,7,0,0.0,2.0,1.0,15.0,A01
201400028749,0,33,0,0.0,2.0,1.0,1.0,B01
201400047814,0,10,0,0.0,0.0,1.0,2.0,C01
201400034101,0,33,0,0.0,2.0,1.0,1.0,B01
201400046689,0,7,0,0.0,0.0,2.0,0.0,A01
201400001334,0,7,0,0.0,2.0,2.0,1.0,A01
201400023871,0,30,0,0.0,2.0,3.0,13.0,B02
201400019017,0,30,0,16.0,0.0,9.0,1.0,A01
201400021819,0,33,0,0.0,2.0,7.0,2.0,A01
201400042083,0,3,0,0.0,2.0,2.0,9.0,B01
201400041049,0,7,0,0.0,2.0,8.0,9.0,A01
201400035799,1,2,0,0.0,2.0,8.0,19.0,A01
201400058316,0,7,0,0.0,2.0,5.0,13.0,A01
201400015771,0,30,0,0.0,0.0,0.0,21.0,A01
201400021003,0,7,0,0.0,2.0,3.0,1.0,B01
201400016594,0,7,0,0.0,0.0,5.0,2.0,B01
201400004980,0,7,0,0.0,2.0,2.0,1.0,B02
201400029110,0,7,0,0.0,2.0,1.0,15.0,A01
201400057171,0,32,0,0.0,0.0,0.0,1.0,A01
201400035587,0,7,0,0.0,1.0,1.0,1.0,A01
201400018215,0,15,0,0.0,2.0,3.0,1.0,B02
201400035708,0,30,0,0.0,2.0,3.0,16.0,B01
201400041331,0,7,0,0.0,2.0,1.0,2.0,A01
201400055929,0,33,0,0.0,1.0,1.0,1.0,A01
201400043491,0,33,0,1.0,0.0,1.0,5.0,A01
201400036471,0,7,0,0.0,2.0,7.0,15.0,A01
201400007750,0,10,0,2.0,0.0,3.0,1.0,A01
201400048082,0,7,0,0.0,2.0,4.0,2.0,B01
201400038924,0,7,0,6.0,1.0,1.0,15.0,A01
201400021184,1,30,0,0.0,1.0,0.0,0.0,A01
201400026994,0,7,0,0.0,2.0,3.0,19.0,A01
201400007516,0,7,0,0.0,2.0,1.0,1.0,B02
201400033060,0,7,0,0.0,2.0,3.0,15.0,A01
201400042691,0,33,0,0.0,2.0,1.0,23.0,B01
201400050793,0,7,0,0.0,0.0,1.0,2.0,A01
201400010299,0,7,0,0.0,2.0,1.0,1.0,B01
201400039512,0,2,0,0.0,2.0,1.0,1.0,A01
201400024081,0,7,0,0.0,2.0,1.0,1.0,B01
201400047438,0,15,0,0.0,0.0,0.0,0.0,B01
201400008018,0,10,0,0.0,2.0,3.0,20.0,A01
201400052632,0,7,0,0.0,1.0,5.0,20.0,A01
201400027811,0,1,0,0.0,0.0,0.0,0.0,B01
201400019981,0,7,0,0.0,0.0,0.0,0.0,A01
201400006650,0,7,0,0.0,2.0,6.0,1.0,A01
201400005462,0,33,0,0.0,2.0,1.0,1.0,B02
201400052682,1,31,0,0.0,1.0,0.0,1.0,A01
201400022919,0,7,0,0.0,2.0,1.0,1.0,B02
201400051082,0,7,0,14.0,0.0,2.0,1.0,A01
201400042577,0,7,0,0.0,0.0,8.0,10.0,A01
201400046485,0,7,0,0.0,2.0,4.0,1.0,A01
201400058097,0,7,0,0.0,2.0,8.0,13.0,A01
201400009142,0,7,0,0.0,2.0,1.0,9.0,A01
201400014974,0,17,0,0.0,2.0,2.0,2.0,B01
201400028918,1,7,0,0.0,1.0,1.0,1.0,A01
201400043816,0,7,0,0.0,2.0,3.0,20.0,A01
201400041893,0,33,0,0.0,2.0,1.0,2.0,B01
201400029438,0,1,0,0.0,2.0,7.0,0.0,B01
201400046512,0,7,0,0.0,2.0,1.0,12.0,B01
201400014505,0,10,0,0.0,2.0,1.0,1.0,A01
201400039257,0,37,60,0.0,2.0,3.0,1.0,B01
201400024086,0,7,0,0.0,2.0,1.0,2.0,A01
201400042925,0,7,0,0.0,2.0,1.0,2.0,A01
201400021976,0,14,0,1.0,0.0,1.0,2.0,A01
201400000504,0,7,0,0.0,9.0,2.0,1.0,A01